"","id","grade","to_school","dropoff","from_school","pickup","school_id","schid","street","cross_st","nr_vehicles","nr_licenses","distance","created","modified","st_astext","shed","current_time"
"2",6,"4","w","","w","",254,"00350100","","",0,2,0.60894358,2012-06-01 00:00:00,2013-06-14 16:29:31,"POINT(-71.0989157823092 42.3162201445625)",1,2013-06-24 13:04:41
"3",7,"k","fv","no","fv","no",254,"00350100","","",1,2,0.892910127,2012-06-01 00:00:00,2013-06-14 17:01:48,"POINT(-71.1096553472049 42.3233914719412)",2,2013-06-24 13:04:41
"4",8,"p","fv","yes","fv","yes",254,"00350100","","",1,1,2.919822329,2012-06-01 00:00:00,2013-06-14 17:03:36,"POINT(-71.119611707068 42.2795257060866)",0,2013-06-24 13:04:41
"5",9,"p","w","","w","",254,"00350100","","",1,2,0.764907701,2012-06-01 00:00:00,2013-06-14 16:29:31,"POINT(-71.1126594213015 42.3167596091199)",2,2013-06-24 13:04:41
"6",10,"k","w","","fv","yes",254,"00350100","","",2,2,0.613914548,2012-06-01 00:00:00,2013-06-14 17:03:37,"POINT(-71.0971347955233 42.3136417574415)",1,2013-06-24 13:04:41
"7",11,"p","w","","cp","yes",254,"00350100","","",1,2,0.869298029,2012-06-01 00:00:00,2013-06-14 17:03:39,"POINT(-71.1112217572696 42.3128642538268)",2,2013-06-24 13:04:41
"8",12,"k","fv","no","fv","no",254,"00350100","","",2,2,3.287673961,2012-06-01 00:00:00,2013-06-14 17:03:40,"POINT(-71.1342458394534 42.288320352503)",0,2013-06-24 13:04:41
"9",13,"5","w","","w","",254,"00350100","","",2,5,1.810053723,2012-06-01 00:00:00,2013-06-14 16:29:31,"POINT(-71.0869102147585 42.3132688742535)",2,2013-06-24 13:04:41
"10",14,"p","w","","w","",254,"00350100","","",1,2,1.070000862,2012-06-01 00:00:00,2013-06-14 17:03:41,"POINT(-71.1058573392397 42.3213131403745)",1,2013-06-24 13:04:41
"11",15,"5","sb","","fv","yes",254,"00350100","","",1,1,2.893724747,2012-06-01 00:00:00,2013-06-14 17:03:42,"POINT(-71.1190108922488 42.2798432237069)",0,2013-06-24 13:04:41
"12",16,"p","cp","yes","fv","yes",254,"00350100","","",2,2,2.935977975,2012-06-01 00:00:00,2013-06-14 16:29:31,"POINT(-71.1184959081179 42.2805417568397)",0,2013-06-24 13:04:41
"13",17,"k","sb","","fv","",254,"00350100","","",1,1,6.966811652,2012-06-01 00:00:00,2013-06-14 17:03:43,"POINT(-71.1205558446414 42.2393150528552)",0,2013-06-24 13:04:41
"14",18,"1","t","","w","",254,"00350100","","",1,2,1.3670162,2012-06-01 00:00:00,2013-06-14 17:03:45,"POINT(-71.1176376012332 42.3092701582241)",3,2013-06-24 13:04:41
"15",19,"1","sb","","sb","",254,"00350100","","",0,1,0.710227053,2012-06-01 00:00:00,2013-06-14 16:29:32,"POINT(-71.0949782994754 42.3146969255556)",1,2013-06-24 13:04:41
"16",20,"5","fv","yes","fv","",254,"00350100","","",1,1,2.327034395,2012-06-01 00:00:00,2013-06-14 17:03:46,"POINT(-71.0789279607303 42.3360186366204)",4,2013-06-24 13:04:41
"17",21,"p","fv","yes","fv","yes",254,"00350100","","",1,2,3.537465103,2012-06-01 00:00:00,2013-06-14 17:03:47,"POINT(-71.1270789769655 42.281494289541)",0,2013-06-24 13:04:41
"18",22,"1","fv","yes","fv","yes",254,"00350100","","",1,2,3.537465103,2012-06-01 00:00:00,2013-06-14 17:03:47,"POINT(-71.1270789769655 42.281494289541)",0,2013-06-24 13:04:41
"19",23,"2","sb","","sb","",254,"00350100","","",0,1,1.590088389,2012-06-01 00:00:00,2013-06-14 17:03:48,"POINT(-71.0894851354129 42.3083497828576)",2,2013-06-24 13:04:41
"20",24,"p","fv","no","fv","",254,"00350100","","",2,2,1.408026686,2012-06-01 00:00:00,2013-06-14 16:29:32,"POINT(-71.1120586064822 42.3060011778383)",2,2013-06-24 13:04:41
"21",25,"1","w","","w","",254,"00350100","","",1,2,0.324977033,2012-06-01 00:00:00,2013-06-14 17:03:50,"POINT(-71.1006860402591 42.3169817402405)",1,2013-06-24 13:04:41
"22",26,"p","w","","w","",254,"00350100","","",1,2,0.324977033,2012-06-01 00:00:00,2013-06-14 17:03:50,"POINT(-71.1006860402591 42.3169817402405)",1,2013-06-24 13:04:41
"23",27,"k","w","","w","",254,"00350100","","",1,2,0.632555678,2012-06-01 00:00:00,2013-06-14 17:03:51,"POINT(-71.1093120244509 42.3190760808301)",1,2013-06-24 13:04:41
"24",28,"4","fv","yes","fv","yes",254,"00350100","","",2,2,1.358317006,2012-06-01 00:00:00,2013-06-14 16:29:32,"POINT(-71.092768159247 42.3270561488889)",3,2013-06-24 13:04:41
"25",29,"4","fv","yes","fv","no",254,"00350100","","",2,2,1.818752917,2012-06-01 00:00:00,2013-06-14 17:03:52,"POINT(-71.0804729131228 42.3208530424259)",3,2013-06-24 13:04:41
"26",30,"4","b","","w","",10,"00020025","","",3,3,2.416511819,2012-06-01 00:00:00,2013-06-14 17:03:53,"POINT(-71.5069171118631 42.4761184214632)",0,2013-06-24 13:04:41
"27",31,"4","fv","yes","fv","no",1857,"02480003","","",2,2,0.966853276,2012-06-01 00:00:00,2013-06-14 17:03:54,"POINT(-71.0245719997004 42.4267993070898)",2,2013-06-24 13:04:41
"28",32,"1","fv","yes","fv","no",1857,"02480003","","",2,2,0.966853276,2012-06-01 00:00:00,2013-06-14 17:03:54,"POINT(-71.0245719997004 42.4267993070898)",2,2013-06-24 13:04:41
"29",33,"p","t","","w","",8,"05160002","","",1,2,1.003514165,2012-06-01 00:00:00,2013-06-14 16:29:32,"POINT(-71.4469542476713 42.4834903817141)",2,2013-06-24 13:04:41
"30",34,"5","w","","w","",1858,"02480056","Francis St","Franklin St",0,1,0.501446397,2012-06-01 00:00:00,2013-06-14 17:03:55,"POINT(-70.9974620999428 42.4060136254556)",1,2013-06-24 13:04:41
"31",35,"4","w","","w","",1848,"02480025","","",2,2,1.399327492,2012-06-01 00:00:00,2013-06-14 17:03:57,"POINT(-71.0086164288264 42.416357979474)",1,2013-06-24 13:04:41
"32",36,"8","w","","w","",1855,"02480014","","",2,2,1.470163786,2012-06-01 00:00:00,2013-06-14 16:29:32,"POINT(-71.009043926987 42.4165646133496)",1,2013-06-24 13:04:41
"33",37,"6","fv","yes","fv","yes",1855,"02480014","","",3,3,1.924385987,2012-06-01 00:00:00,2013-06-14 17:03:58,"POINT(-70.9962980697483 42.4181487282245)",2,2013-06-24 13:04:41
"34",38,"6","fv","yes","w","",1856,"02480305","","",1,1,2.076621882,2012-06-01 00:00:00,2013-06-14 17:03:59,"POINT(-71.0151830739527 42.3993951607492)",4,2013-06-24 13:04:41
"35",39,"k","w","","w","",1854,"02480013","","",4,3,0.330569372,2012-06-01 00:00:00,2013-06-14 17:04:00,"POINT(-70.9895114313338 42.3950760715825)",1,2013-06-24 13:04:41
"36",40,"4","w","","w","",1854,"02480013","","",4,3,0.330569372,2012-06-01 00:00:00,2013-06-14 17:04:00,"POINT(-70.9895114313338 42.3950760715825)",1,2013-06-24 13:04:41
"37",41,"6","sb","","sb","",1855,"02480014","","",4,3,2.368666252,2012-06-01 00:00:00,2013-06-14 16:29:32,"POINT(-70.9894745300144 42.3950483718239)",4,2013-06-24 13:04:41
"38",42,"8","sb","","fv","yes",1855,"02480014","","",1,1,1.821859772,2012-06-01 00:00:00,2013-06-14 17:04:01,"POINT(-71.0044519851535 42.4201129750934)",1,2013-06-24 13:04:41
"40",44,"6","sb","","sb","",1855,"02480014","","",4,6,2.359345687,2012-06-01 00:00:00,2013-06-14 17:04:02,"POINT(-70.9896461913913 42.3951117589237)",4,2013-06-24 13:04:41
"41",45,"7","fv","yes","fv","no",1855,"02480014","","",2,2,2.012620669,2012-06-01 00:00:00,2013-06-14 16:29:32,"POINT(-71.0184853027195 42.4242630362864)",3,2013-06-24 13:04:41
"42",46,"8","fv","yes","fv","no",1855,"02480014","","",2,2,2.012620669,2012-06-01 00:00:00,2013-06-14 16:29:32,"POINT(-71.0184853027195 42.4242630362864)",3,2013-06-24 13:04:41
"43",47,"7","fv","no","fv","no",1855,"02480014","","",2,2,3.480920342,2012-06-01 00:00:00,2013-06-14 17:04:04,"POINT(-71.0314028213352 42.4346844977824)",0,2013-06-24 13:04:41
"44",48,"4","w","","w","",1858,"02480056","","",1,1,0.517602043,2012-06-01 00:00:00,2013-06-14 17:04:05,"POINT(-70.9953592480751 42.4087228933206)",1,2013-06-24 13:04:41
"51",55,"3","w","","w","",1854,"02480013","","",1,2,0.450493975,2012-06-01 00:00:00,2013-06-14 17:04:06,"POINT(-70.9889964472029 42.3953375428412)",1,2013-06-24 13:04:41
"52",56,"6","sb","","w","",1859,"02480057","","",NA,NA,0.941998436,2012-06-01 00:00:00,2013-06-14 16:29:32,"POINT(-70.9914432229133 42.4158203034052)",2,2013-06-24 13:04:41
"53",57,"k","w","","w","",1860,"02480050","","",1,1,0.410726231,2012-06-01 00:00:00,2013-06-14 17:04:07,"POINT(-70.9955552845305 42.4160150116199)",1,2013-06-24 13:04:41
"54",58,"1","fv","yes","fv","no",1860,"02480050","","",2,2,2.44820174,2012-06-01 00:00:00,2013-06-14 17:04:08,"POINT(-70.9631112842864 42.4413562695884)",0,2013-06-24 13:04:41
"55",59,"k","fv","yes","fv","no",1860,"02480050","","",1,2,2.256819472,2012-06-01 00:00:00,2013-06-14 16:29:32,"POINT(-70.9674886493987 42.4400894500054)",0,2013-06-24 13:04:41
"56",60,"6","fv","yes","fv","yes",1855,"02480014","","",2,2,1.598166212,2012-06-01 00:00:00,2013-06-14 17:04:09,"POINT(-71.0234634826511 42.4145844134823)",3,2013-06-24 13:04:41
"59",63,"4","cp","yes","cp","no",1854,"02480013","","",1,1,0.903473434,2012-06-01 00:00:00,2013-06-14 17:04:10,"POINT(-70.9820441614363 42.3921998158381)",2,2013-06-24 13:04:41
"60",64,"8","fv","no","sb","",1859,"02480057","","",NA,NA,1.811296465,2012-06-01 00:00:00,2013-06-14 16:29:32,"POINT(-70.9843300046059 42.4236296947666)",3,2013-06-24 13:04:41
"61",65,"1","fv","yes","fv","yes",1854,"02480013","","",1,1,0.791005283,2012-06-01 00:00:00,2013-06-14 17:04:12,"POINT(-70.9844474207136 42.3928337127255)",1,2013-06-24 13:04:41
"64",68,"8","fv","yes","sb","",1855,"02480014","","",NA,NA,3.580961073,2012-06-01 00:00:00,2013-06-14 17:04:13,"POINT(-70.9639399001926 42.4413355885295)",0,2013-06-24 13:04:41
"65",69,"5","fv","no","fv","no",1857,"02480003","Morris St","Robins Rd",2,2,2.711041673,2012-06-01 00:00:00,2013-06-14 16:29:33,"POINT(-71.0222974864557 42.4470538119582)",0,2013-06-24 13:04:41
"66",70,"2","fv","no","fv","no",1857,"02480003","Morris St","Robins Rd",2,2,2.711041673,2012-06-01 00:00:00,2013-06-14 16:29:33,"POINT(-71.0222974864557 42.4470538119582)",0,2013-06-24 13:04:41
"67",71,"3","fv","no","fv","no",1857,"02480003","Morris St","Robins Rd",2,2,2.711041673,2012-06-01 00:00:00,2013-06-14 16:29:33,"POINT(-71.0222974864557 42.4470538119582)",0,2013-06-24 13:04:41
"68",72,"7","fv","yes","w","",1855,"02480014","","",2,2,1.171905706,2012-06-01 00:00:00,2013-06-14 17:04:14,"POINT(-71.0079710433811 42.4157408578)",1,2013-06-24 13:04:41
"69",73,"5","fv","no","fv","no",1848,"02480025","","",2,2,0.30447179,2012-06-01 00:00:00,2013-06-14 17:04:15,"POINT(-71.0082731060725 42.415280754952)",1,2013-06-24 13:04:41
"70",74,"3","fv","no","fv","no",1848,"02480025","","",2,2,0.30447179,2012-06-01 00:00:00,2013-06-14 17:04:15,"POINT(-71.0082731060725 42.415280754952)",1,2013-06-24 13:04:41
"71",75,"p","fv","no","fv","no",1848,"02480025","","",2,2,0.290801628,2012-06-01 00:00:00,2013-06-14 17:04:16,"POINT(-71.0078439526301 42.4157876864438)",1,2013-06-24 13:04:41
"73",77,"6","sb","","sb","",1856,"02480305","","",1,1,2.2990727,2012-06-01 00:00:00,2013-06-14 16:29:33,"POINT(-71.0205904073267 42.4368431792603)",3,2013-06-24 13:04:41
"74",78,"k","fv","yes","fv","yes",1856,"02480305","","",1,1,2.2990727,2012-06-01 00:00:00,2013-06-14 16:29:33,"POINT(-71.0205904073267 42.4368431792603)",3,2013-06-24 13:04:41
"75",79,"7","t","","sb","",1856,"02480305","","",3,2,0.127381055,2012-06-01 00:00:00,2013-06-14 17:04:17,"POINT(-71.0186163014918 42.4198010842456)",1,2013-06-24 13:04:41
"77",81,"p","fv","yes","fv","yes",1848,"02480025","","",2,2,1.153264576,2012-06-01 00:00:00,2013-06-14 17:04:18,"POINT(-71.0223064236384 42.4110350428411)",2,2013-06-24 13:04:41
"78",82,"k","fv","yes","fv","yes",1848,"02480025","","",2,2,1.153264576,2012-06-01 00:00:00,2013-06-14 17:04:18,"POINT(-71.0223064236384 42.4110350428411)",2,2013-06-24 13:04:41
"79",83,"k","fv","yes","fv","yes",1848,"02480025","","",NA,NA,1.106661751,2012-06-01 00:00:00,2013-06-14 17:04:20,"POINT(-71.0232076458674 42.4131262503966)",2,2013-06-24 13:04:41
"81",85,"4","fv","yes","w","",1848,"02480025","Brunei road","Patriot Pky",3,3,0.710227053,2012-06-01 00:00:00,2013-06-14 16:29:33,"POINT(-71.0088739208918 42.4206666925232)",1,2013-06-24 13:04:41
"82",86,"4","fv","yes","w","",1848,"02480025","","",3,3,0.710227053,2012-06-01 00:00:00,2013-06-14 17:04:21,"POINT(-71.0088739208918 42.4206666925232)",1,2013-06-24 13:04:41
"83",87,"3","fv","yes","fv","yes",1857,"02480003","","",2,2,0.282723805,2012-06-01 00:00:00,2013-06-14 17:04:22,"POINT(-71.0242286769464 42.4182061891857)",1,2013-06-24 13:04:41
"84",88,"5","fv","yes","fv","yes",1857,"02480003","","",2,2,0.282723805,2012-06-01 00:00:00,2013-06-14 17:04:22,"POINT(-71.0242286769464 42.4182061891857)",1,2013-06-24 13:04:41
"85",89,"1","fv","yes","fv","yes",1848,"02480025","","",1,1,1.02526215,2012-06-01 00:00:00,2013-06-14 17:04:23,"POINT(-71.0220060162287 42.4135064624611)",2,2013-06-24 13:04:41
"86",90,"6","fv","yes","w","",1859,"02480057","","",0,1,0.772364153,2012-06-01 00:00:00,2013-06-14 16:29:33,"POINT(-70.9935997189613 42.4122875411874)",2,2013-06-24 13:04:41
"87",91,"6","w","","w","",1856,"02480305","","",2,2,1.455872253,2012-06-01 00:00:00,2013-06-14 17:04:25,"POINT(-71.0198179311304 42.4097256970417)",2,2013-06-24 13:04:41
"88",92,"k","fv","yes","fv","yes",1848,"02480025","","",2,2,0.999164568,2012-06-01 00:00:00,2013-06-14 17:04:26,"POINT(-71.0196885876398 42.4097676103887)",2,2013-06-24 13:04:41
"89",93,"2","fv","yes","fv","no",1848,"02480025","","",2,2,0.653682292,2012-06-01 00:00:00,2013-06-14 16:29:33,"POINT(-71.0109338574152 42.4196529043236)",1,2013-06-24 13:04:41
"90",94,"9","sb","","sb","",1849,"02480505","","",2,2,1.675837587,2012-06-01 00:00:00,2013-06-14 17:04:27,"POINT(-71.0223612581425 42.4255451396634)",3,2013-06-24 13:04:41
"93",97,"4","fv","no","fv","no",1858,"02480056","","",2,2,1.533543628,2012-06-01 00:00:00,2013-06-14 17:04:28,"POINT(-71.0154436291786 42.4048094688458)",3,2013-06-24 13:04:41
"94",98,"3","fv","no","fv","no",1858,"02480056","","",2,2,1.533543628,2012-06-01 00:00:00,2013-06-14 17:04:28,"POINT(-71.0154436291786 42.4048094688458)",3,2013-06-24 13:04:41
"95",99,"4","w","","w","",1854,"02480013","","",1,1,0.537485915,2012-06-01 00:00:00,2013-06-14 17:04:29,"POINT(-70.9883419882033 42.3971202723874)",1,2013-06-24 13:04:41
"96",100,"4","w","","w","",1851,"02480035","","",2,2,0.562962126,2012-06-01 00:00:00,2013-06-14 16:29:33,"POINT(-71.0130801895282 42.4052516643503)",1,2013-06-24 13:04:41
"97",102,"7","w","","w","",2426,"03470405","","",2,2,0.492125832,2012-06-01 00:00:00,2013-06-14 17:04:30,"POINT(-71.1486624827193 42.494873292651)",1,2013-06-24 13:04:41
"98",103,"9","sb","","w","",2424,"03470505","","",1,1,2.851471519,2012-06-01 00:00:00,2013-06-14 17:04:31,"POINT(-71.1827355754966 42.4623137604719)",0,2013-06-24 13:04:41
"99",104,"7","w","","w","",2426,"03470405","Hart Pl","Lowell St",1,3,1.502475078,2012-06-01 00:00:00,2013-06-14 16:29:33,"POINT(-71.1585330118941 42.5052355508511)",0,2013-06-24 13:04:41
"100",105,"3","fv","no","fv","no",2423,"03470043","","",2,2,0.4970968,2012-06-01 00:00:00,2013-06-14 16:29:33,"POINT(-71.1426204662922 42.4730556999076)",2,2013-06-24 13:04:41
"101",106,"2","fv","yes","fv","yes",2432,"03470025","","",2,2,0.423153651,2012-06-01 00:00:00,2013-06-14 17:04:33,"POINT(-71.1669285155294 42.5067491280733)",1,2013-06-24 13:04:41
"102",107,"5","fv","yes","fv","yes",2432,"03470025","","",2,2,0.423153651,2012-06-01 00:00:00,2013-06-14 17:04:33,"POINT(-71.1669285155294 42.5067491280733)",1,2013-06-24 13:04:41
"103",108,"6","sb","","sb","",2428,"03470410","","",2,6,1.682672668,2012-06-01 00:00:00,2013-06-14 16:29:33,"POINT(-71.1879031793402 42.4664544563987)",3,2013-06-24 13:04:41
"104",109,"6","sb","","sb","",2428,"03470410","","",2,6,1.682672668,2012-06-01 00:00:00,2013-06-14 16:29:33,"POINT(-71.1879031793402 42.4664544563987)",3,2013-06-24 13:04:41
"105",110,"4","sb","","sb","",2427,"03470040","","",4,6,1.437852494,2012-06-01 00:00:00,2013-06-14 17:04:34,"POINT(-71.1879563465324 42.4664837535356)",3,2013-06-24 13:04:41
"106",111,"3","sb","","fv","yes",2427,"03470040","","",2,2,1.298044019,2012-06-01 00:00:00,2013-06-14 17:04:35,"POINT(-71.1874413624016 42.4697443875507)",2,2013-06-24 13:04:41
"107",112,"6","sb","","sb","",2428,"03470410","","",2,2,1.60313718,2012-06-01 00:00:00,2013-06-14 17:04:36,"POINT(-71.1874311105536 42.470316549844)",3,2013-06-24 13:04:41
"108",113,"1","fv","yes","fv","yes",2427,"03470040","","",2,2,1.372608539,2012-06-01 00:00:00,2013-06-14 16:29:33,"POINT(-71.1823129787651 42.4728465806842)",2,2013-06-24 13:04:41
"109",114,"9","fv","yes","sb","",2424,"03470505","","",NA,NA,1.83925816,2012-06-01 00:00:00,2013-06-14 17:04:37,"POINT(-71.1642390621299 42.4894401363847)",4,2013-06-24 13:04:41
"110",115,"2","fv","yes","cp","no",2423,"03470043","","",2,2,0.515116559,2012-06-01 00:00:00,2013-06-14 17:04:38,"POINT(-71.1393159847859 42.4731823163465)",2,2013-06-24 13:04:41
"111",116,"5","fv","yes","fv","no",2432,"03470025","","",2,2,0.479077041,2012-06-01 00:00:00,2013-06-14 16:29:33,"POINT(-71.1686022139547 42.5060372893773)",1,2013-06-24 13:04:41
"112",117,"2","sb","","sb","",2427,"03470040","","",2,2,1.187439981,2012-06-01 00:00:00,2013-06-14 17:04:40,"POINT(-71.1884713306633 42.4549593755575)",3,2013-06-24 13:04:41
"113",118,"3","fv","yes","fv","yes",2423,"03470043","","",2,2,0.759315362,2012-06-01 00:00:00,2013-06-14 17:04:41,"POINT(-71.1354106884602 42.4803990299375)",2,2013-06-24 13:04:41
"114",120,"2","sb","","sb","",2425,"03470055","","",2,2,0.943862549,2012-06-01 00:00:00,2013-06-14 17:04:42,"POINT(-71.1516101633283 42.4839953208896)",2,2013-06-24 13:04:41
"115",121,"k","sb","","sb","",2425,"03470055","","",2,2,0.943862549,2012-06-01 00:00:00,2013-06-14 17:04:42,"POINT(-71.1516101633283 42.4839953208896)",2,2013-06-24 13:04:41
"116",124,"10","fv","yes","sb","",2424,"03470505","","",2,2,1.414861767,2012-06-01 00:00:00,2013-06-14 16:29:34,"POINT(-71.1656552684897 42.4783314554823)",3,2013-06-24 13:04:41
"117",125,"1","sb","","sb","",2425,"03470055","","",1,1,1.3048791,2012-06-01 00:00:00,2013-06-14 17:04:43,"POINT(-71.1561591898176 42.4869069250949)",3,2013-06-24 13:04:41
"118",127,"1","fv","no","fv","no",2429,"03470020","","",2,2,0.621371,2012-06-01 00:00:00,2013-06-14 17:04:44,"POINT(-71.1600162059888 42.4799904508902)",2,2013-06-24 13:04:41
"119",128,"3","fv","no","fv","no",2429,"03470020","","",2,2,0.621371,2012-06-01 00:00:00,2013-06-14 17:04:44,"POINT(-71.1600162059888 42.4799904508902)",2,2013-06-24 13:04:41
"120",129,"10","fv","no","sb","",2424,"03470505","","",1,1,2.248741649,2012-06-01 00:00:00,2013-06-14 16:29:34,"POINT(-71.1245852840537 42.4686136987281)",4,2013-06-24 13:04:41
"121",131,"3","w","","w","",2434,"03470060","","",2,2,0.379657681,2012-06-01 00:00:00,2013-06-14 17:04:45,"POINT(-71.1596778137584 42.4915444885077)",1,2013-06-24 13:04:41
"122",132,"6","w","","w","",2426,"03470405","","",2,2,0.746266571,2012-06-01 00:00:00,2013-06-14 17:04:47,"POINT(-71.1580609431075 42.4915506783851)",2,2013-06-24 13:04:41
"123",133,"k","fv","no","fv","no",2429,"03470020","","",2,2,0.316277839,2012-06-01 00:00:00,2013-06-14 16:29:34,"POINT(-71.162033227168 42.4835826947427)",1,2013-06-24 13:04:41
"124",134,"7","sb","","sb","",2428,"03470410","","",2,2,1.959182763,2012-06-01 00:00:00,2013-06-14 17:04:48,"POINT(-71.146446956806 42.4800023915899)",4,2013-06-24 13:04:41
"125",135,"6","sb","","sb","",2428,"03470410","","",2,2,1.959182763,2012-06-01 00:00:00,2013-06-14 17:04:48,"POINT(-71.146446956806 42.4800023915899)",4,2013-06-24 13:04:41
"126",136,"9","w","","w","",2424,"03470505","","",2,2,0.675430277,2012-06-01 00:00:00,2013-06-14 17:04:49,"POINT(-71.1463862789267 42.4799456598)",1,2013-06-24 13:04:41
"127",137,"2","w","","sb","",2425,"03470055","","",NA,NA,0.291422999,2012-06-01 00:00:00,2013-06-14 17:04:50,"POINT(-71.1385638986799 42.4865271583183)",1,2013-06-24 13:04:41
"128",138,"6","fv","no","fv","no",2426,"03470405","Franklin St","Main St",3,2,0.947590775,2012-06-01 00:00:00,2013-06-14 16:29:34,"POINT(-71.1530398478316 42.4825945628349)",2,2013-06-24 13:04:41
"129",139,"2","fv","no","fv","no",2429,"03470020","","",2,2,0.378414939,2012-06-01 00:00:00,2013-06-14 17:04:51,"POINT(-71.1597157985791 42.4847220417802)",1,2013-06-24 13:04:41
"130",140,"6","fv","no","fv","no",2428,"03470410","","",2,2,1.157614173,2012-06-01 00:00:00,2013-06-14 17:04:52,"POINT(-71.1599223748968 42.4849396947637)",3,2013-06-24 13:04:41
"131",141,"6","fv","no","fv","no",2428,"03470410","","",2,2,1.157614173,2012-06-01 00:00:00,2013-06-14 17:04:53,"POINT(-71.1599223748968 42.4849396947637)",3,2013-06-24 13:04:41
"132",142,"8","fv","no","fv","no",2428,"03470410","","",2,2,1.157614173,2012-06-01 00:00:00,2013-06-14 17:04:53,"POINT(-71.1599223748968 42.4849396947637)",3,2013-06-24 13:04:41
"133",143,"6","fv","no","fv","no",2428,"03470410","","",2,2,1.088641992,2012-06-01 00:00:00,2013-06-14 16:29:34,"POINT(-71.1621968881415 42.4839269463895)",3,2013-06-24 13:04:41
"134",144,"10","cp","yes","cp","no",2424,"03470505","","",3,4,4.013435289,2012-06-01 00:00:00,2013-06-14 17:04:55,"POINT(-71.1833793056601 42.4483503315848)",0,2013-06-24 13:04:41
"135",145,"1","fv","yes","fv","no",2429,"03470020","","",2,2,0.789762541,2012-06-01 00:00:00,2013-06-14 17:04:56,"POINT(-71.168170121394 42.4863677286475)",2,2013-06-24 13:04:41
"136",146,"4","sb","","sb","",2423,"03470043","","",2,2,3.675409465,2012-06-01 00:00:00,2013-06-14 16:29:34,"POINT(-71.1984962444905 42.4651733223122)",0,2013-06-24 13:04:41
"137",147,"2","sb","","fv","yes",2427,"03470040","","",2,2,1.844229128,2012-06-01 00:00:00,2013-06-14 17:04:57,"POINT(-71.1993718280998 42.4651541258684)",3,2013-06-24 13:04:41
"138",148,"8","fv","yes","sb","",2426,"03470405","","",1,1,2.176041242,2012-06-01 00:00:00,2013-06-14 17:04:58,"POINT(-71.1667727579879 42.5082885299113)",0,2013-06-24 13:04:41
"139",149,"p","w","","w","",1858,"02480056","","",0,0,1.089263363,2012-06-01 00:00:00,2013-06-14 17:04:59,"POINT(-70.9905366362663 42.3993548252753)",2,2013-06-24 13:04:41
"140",150,"3","cp","yes","fv","yes",2423,"03470043","","",2,2,0.792248025,2012-06-01 00:00:00,2013-06-14 16:29:34,"POINT(-71.1423629742268 42.4701751067216)",2,2013-06-24 13:04:41
"141",151,"1","sb","","sb","",2425,"03470055","","",1,1,1.647875892,2012-06-01 00:00:00,2013-06-14 17:05:00,"POINT(-71.1533696924421 42.4720310031815)",4,2013-06-24 13:04:41
"142",152,"5","sb","","sb","",2425,"03470055","","",1,1,1.626749278,2012-06-01 00:00:00,2013-06-14 17:05:02,"POINT(-71.1539705072614 42.4724266851806)",3,2013-06-24 13:04:41
"143",153,"2","fv","yes","sb","",2425,"03470055","","",2,2,0.967474647,2012-06-01 00:00:00,2013-06-14 16:29:34,"POINT(-71.1523826395246 42.4829509080993)",2,2013-06-24 13:04:41
"144",154,"1","fv","yes","sb","",2425,"03470055","","",2,2,0.967474647,2012-06-01 00:00:00,2013-06-14 16:29:34,"POINT(-71.1523826395246 42.4829509080993)",2,2013-06-24 13:04:41
"145",155,"8","fv","yes","w","",2426,"03470405","","",2,2,0.692207294,2012-06-01 00:00:00,2013-06-14 17:05:03,"POINT(-71.1506795038985 42.4861075383761)",2,2013-06-24 13:04:41
"146",156,"7","fv","yes","w","",2426,"03470405","","",2,2,1.113496832,2012-06-01 00:00:00,2013-06-14 17:05:04,"POINT(-71.1403369059371 42.4831009498554)",2,2013-06-24 13:04:41
"147",157,"9","w","","w","",2424,"03470505","","",2,2,0.470377847,2012-06-01 00:00:00,2013-06-14 17:05:05,"POINT(-71.1403781307334 42.4829840490786)",1,2013-06-24 13:04:41
"148",158,"k","w","","w","",2425,"03470055","","",2,2,0.392706472,2012-06-01 00:00:00,2013-06-14 16:29:34,"POINT(-71.1417396341535 42.4847548828771)",1,2013-06-24 13:04:41
"149",159,"5","fv","yes","w","",2425,"03470055","","",3,2,0.474106073,2012-06-01 00:00:00,2013-06-14 17:05:06,"POINT(-71.1357314859602 42.481210181371)",2,2013-06-24 13:04:41
"152",162,"3","fv","no","fv","no",2434,"03470060","","",2,2,0.649332695,2012-06-01 00:00:00,2013-06-14 17:05:07,"POINT(-71.1456874115367 42.4963543114929)",2,2013-06-24 13:04:41
"153",164,"8","fv","no","fv","no",2426,"03470405","","",2,2,0.820831091,2012-06-01 00:00:00,2013-06-14 16:29:35,"POINT(-71.1458300699996 42.4959807915136)",1,2013-06-24 13:04:41
"154",165,"k","fv","yes","fv","no",2429,"03470020","","",2,2,0.743781087,2012-06-01 00:00:00,2013-06-14 17:05:09,"POINT(-71.1595441372021 42.4766512198911)",2,2013-06-24 13:04:41
"156",167,"6","fv","yes","w","",2426,"03470405","","",1,1,1.82061703,2012-06-01 00:00:00,2013-06-14 17:05:10,"POINT(-71.1440276255416 42.4753781024594)",3,2013-06-24 13:04:41
"157",168,"1","w","","w","",2423,"03470043","","",2,2,0.538728657,2012-06-01 00:00:00,2013-06-14 16:29:35,"POINT(-71.137534998 42.4753189301194)",2,2013-06-24 13:04:41
"158",169,"5","w","","w","",2423,"03470043","","",2,2,0.538728657,2012-06-01 00:00:00,2013-06-14 16:29:35,"POINT(-71.137534998 42.4753189301194)",2,2013-06-24 13:04:41
"159",170,"2","sb","","sb","",2425,"03470055","","",2,2,1.220994015,2012-06-01 00:00:00,2013-06-14 17:05:11,"POINT(-71.1554725443098 42.4837421315111)",3,2013-06-24 13:04:41
"160",171,"2","w","","w","",2427,"03470040","","",1,2,0.973066986,2012-06-01 00:00:00,2013-06-14 17:05:12,"POINT(-71.1743950977531 42.4628113798385)",1,2013-06-24 13:04:41
"161",172,"k","fv","no","fv","no",2427,"03470040","","",2,2,0.998543197,2012-06-01 00:00:00,2013-06-14 17:05:13,"POINT(-71.1818623676506 42.4697760433591)",2,2013-06-24 13:04:41
"162",173,"p","fv","no","fv","no",2427,"03470040","","",2,2,0.998543197,2012-06-01 00:00:00,2013-06-14 17:05:13,"POINT(-71.1818623676506 42.4697760433591)",2,2013-06-24 13:04:41
"163",174,"p","fv","","fv","",2434,"03470060","","",2,2,0.836365366,2012-06-01 00:00:00,2013-06-14 16:29:35,"POINT(-71.165921996345 42.4966865553426)",2,2013-06-24 13:04:41
"164",175,"k","w","","fv","no",1860,"02480050","","",2,2,0.301364935,2012-06-01 00:00:00,2013-06-14 17:05:14,"POINT(-70.9919503956145 42.4163318405729)",1,2013-06-24 13:04:41
"165",176,"1","w","","fv","no",1860,"02480050","","",2,2,0.301364935,2012-06-01 00:00:00,2013-06-14 17:05:14,"POINT(-70.9919503956145 42.4163318405729)",1,2013-06-24 13:04:41
"166",177,"6","sb","","w","",2426,"03470405","","",1,1,2.071029543,2012-06-01 00:00:00,2013-06-14 17:05:15,"POINT(-71.1548852076339 42.5105663031733)",4,2013-06-24 13:04:41
"167",178,"8","sb","","w","",2426,"03470405","","",1,1,2.071029543,2012-06-01 00:00:00,2013-06-14 17:05:15,"POINT(-71.1548852076339 42.5105663031733)",4,2013-06-24 13:04:41
"168",179,"3","w","","w","",2432,"03470025","","",1,2,0.415075828,2012-06-01 00:00:00,2013-06-14 16:29:35,"POINT(-71.1547620154379 42.5072869563789)",1,2013-06-24 13:04:41
"169",180,"1","w","","w","",2432,"03470025","","",1,2,0.415075828,2012-06-01 00:00:00,2013-06-14 16:29:35,"POINT(-71.1547620154379 42.5072869563789)",1,2013-06-24 13:04:41
"170",181,"6","sb","","sb","",2426,"03470405","","",2,2,1.838015418,2012-06-01 00:00:00,2013-06-14 17:05:17,"POINT(-71.1244582285689 42.484936568447)",4,2013-06-24 13:04:41
"171",182,"8","sb","","sb","",2426,"03470405","","",2,2,1.838015418,2012-06-01 00:00:00,2013-06-14 17:05:17,"POINT(-71.1244582285689 42.484936568447)",4,2013-06-24 13:04:41
"172",183,"1","sb","","sb","",2427,"03470040","","",2,2,1.217265789,2012-06-01 00:00:00,2013-06-14 17:05:18,"POINT(-71.1840081348625 42.4716753625679)",2,2013-06-24 13:04:41
"173",184,"3","w","","w","",2425,"03470055","","",NA,NA,0.134837507,2012-06-01 00:00:00,2013-06-14 17:05:19,"POINT(-71.1410529886457 42.4866221002286)",1,2013-06-24 13:04:41
"174",185,"3","fv","yes","w","",2425,"03470055","","",2,2,0.287694773,2012-06-01 00:00:00,2013-06-14 16:29:35,"POINT(-71.1425121103498 42.4868436307923)",1,2013-06-24 13:04:41
"175",186,"5","fv","yes","w","",2425,"03470055","","",2,2,0.287694773,2012-06-01 00:00:00,2013-06-14 16:29:35,"POINT(-71.1425121103498 42.4868436307923)",1,2013-06-24 13:04:41
"176",187,"11","sb","","sb","",2424,"03470505","","",2,2,1.858520661,2012-06-01 00:00:00,2013-06-14 17:05:20,"POINT(-71.1661917102927 42.4957689869226)",4,2013-06-24 13:04:41
"177",189,"4","fv","yes","w","",2434,"03470060","","",1,1,0.508902849,2012-06-01 00:00:00,2013-06-14 17:05:21,"POINT(-71.152038882484 42.4866710011379)",1,2013-06-24 13:04:41
"178",190,"1","sb","","sb","",2425,"03470055","","",NA,NA,1.539135967,2012-06-01 00:00:00,2013-06-14 16:29:35,"POINT(-71.1595065866682 42.4733604847807)",3,2013-06-24 13:04:41
"179",191,"k","sb","","sb","",2425,"03470055","","",NA,NA,1.539135967,2012-06-01 00:00:00,2013-06-14 16:29:35,"POINT(-71.1595065866682 42.4733604847807)",3,2013-06-24 13:04:41
"180",192,"8","sb","","sb","",2426,"03470405","","",2,2,2.059844865,2012-06-01 00:00:00,2013-06-14 17:05:22,"POINT(-71.1236857523726 42.4807905257655)",4,2013-06-24 13:04:41
"181",193,"7","fv","yes","fv","no",2428,"03470410","","",2,2,1.161342399,2012-06-01 00:00:00,2013-06-14 17:05:24,"POINT(-71.1884396211432 42.4717093775382)",2,2013-06-24 13:04:41
"182",194,"2","fv","yes","fv","no",2434,"03470060","","",2,4,0.792248025,2012-06-01 00:00:00,2013-06-14 16:29:35,"POINT(-71.1653426391978 42.4890128541479)",2,2013-06-24 13:04:41
"183",195,"6","sb","","sb","",2426,"03470405","","",2,4,1.260140388,2012-06-01 00:00:00,2013-06-14 17:05:25,"POINT(-71.1647986521529 42.4887342290264)",3,2013-06-24 13:04:41
"184",196,"9","sb","","sb","",2424,"03470505","","",2,4,1.885239614,2012-06-01 00:00:00,2013-06-14 17:05:26,"POINT(-71.1650115383262 42.4889338006754)",4,2013-06-24 13:04:41
"185",197,"1","w","","w","",1860,"02480050","","",NA,NA,0.143536701,2012-06-01 00:00:00,2013-06-14 17:05:27,"POINT(-70.9933558731383 42.4180743712019)",1,2013-06-24 13:04:41
"187",199,"6","fv","yes","sb","",2426,"03470405","","",2,2,1.659681941,2012-06-01 00:00:00,2013-06-14 16:29:35,"POINT(-71.1275481333541 42.4856328234789)",3,2013-06-24 13:04:41
"188",200,"k","fv","yes","fv","no",2433,"03470065","","",2,2,0.70836294,2012-06-01 00:00:00,2013-06-14 17:05:28,"POINT(-71.1570612936304 42.5183924583595)",NA,2013-06-24 13:04:41
"190",202,"9","fv","no","fv","yes",2424,"03470505","","",2,2,1.305500471,2012-06-01 00:00:00,2013-06-14 17:05:29,"POINT(-71.1409145725364 42.469895769323)",2,2013-06-24 13:04:41
"191",203,"1","fv","yes","sb","",2423,"03470043","Garfield Ave","Blueberry Hill Rd",1,1,0.676051648,2012-06-01 00:00:00,2013-06-14 16:29:35,"POINT(-71.141676328719 42.4705549727522)",2,2013-06-24 13:04:41
"192",204,"7","sb","","sb","",2428,"03470410","","",2,2,2.579932392,2012-06-01 00:00:00,2013-06-14 17:05:31,"POINT(-71.1382930414007 42.4742100585702)",0,2013-06-24 13:04:41
"193",205,"1","w","","w","",1854,"02480013","","",2,2,0.496475429,2012-06-01 00:00:00,2013-06-14 17:05:32,"POINT(-70.9885029207442 42.3992357124097)",1,2013-06-24 13:04:41
"195",207,"11","fv","yes","fv","no",2424,"03470505","","",2,2,2.894346118,2012-06-01 00:00:00,2013-06-14 17:05:33,"POINT(-71.1671573055381 42.5074123985898)",0,2013-06-24 13:04:41
"196",209,"11","w","","w","",1849,"02480505","","",1,3,1.078078685,2012-06-01 00:00:00,2013-06-14 17:05:34,"POINT(-71.0165676866703 42.4108922786096)",2,2013-06-24 13:04:41
"198",213,"5","fv","yes","fv","yes",1858,"02480056","","",2,2,0.547427851,2012-06-01 00:00:00,2013-06-14 17:05:35,"POINT(-70.9971187771889 42.399485552127)",1,2013-06-24 13:04:41
"199",214,"7","fv","yes","sb","",2426,"03470405","","",NA,NA,2.033747283,2012-06-01 00:00:00,2013-06-14 17:05:36,"POINT(-71.1219691386031 42.4844934930284)",4,2013-06-24 13:04:41
"200",215,"5","sb","","sb","",2429,"03470020","","",2,2,0.896016982,2012-06-01 00:00:00,2013-06-14 16:29:36,"POINT(-71.1646939785107 42.4773792190897)",2,2013-06-24 13:04:41
"201",216,"6","fv","yes","fv","no",2428,"03470410","","",NA,NA,0.712091166,2012-06-01 00:00:00,2013-06-14 17:05:37,"POINT(-71.1644714013861 42.4775335938958)",2,2013-06-24 13:04:41
"202",217,"3","w","","w","",2434,"03470060","Newbury St","Eaton Ave",2,2,0.066486697,2012-06-01 00:00:00,2013-06-14 17:05:39,"POINT(-71.1516955597301 42.4917343569539)",1,2013-06-24 13:04:41
"203",218,"1","w","","w","",2434,"03470060","Newbury St","Eaton Ave",2,2,0.066486697,2012-06-01 00:00:00,2013-06-14 17:05:39,"POINT(-71.1516955597301 42.4917343569539)",1,2013-06-24 13:04:41
"205",220,"5","fv","yes","w","",1855,"02480014","","",NA,NA,0.784170202,2012-06-01 00:00:00,2013-06-14 16:29:36,"POINT(-71.0085611293644 42.4109010754222)",1,2013-06-24 13:04:41
"206",221,"5","fv","yes","w","",1855,"02480014","","",NA,NA,0.784170202,2012-06-01 00:00:00,2013-06-14 17:05:40,"POINT(-71.0085611293644 42.4109010754222)",1,2013-06-24 13:04:41
"207",222,"6","fv","yes","fv","yes",2428,"03470410","","",2,2,1.200488772,2012-06-01 00:00:00,2013-06-14 16:29:36,"POINT(-71.1804359094427 42.4716460678608)",2,2013-06-24 13:04:41
"208",223,"2","fv","yes","sb","",2427,"03470040","","",2,2,1.37944362,2012-06-01 00:00:00,2013-06-14 17:05:41,"POINT(-71.1822271480766 42.4729890246358)",2,2013-06-24 13:04:41
"209",224,"5","fv","yes","sb","",2427,"03470040","","",2,2,1.37944362,2012-06-01 00:00:00,2013-06-14 17:05:41,"POINT(-71.1822271480766 42.4729890246358)",2,2013-06-24 13:04:41
"211",227,"9","fv","no","fv","no",2424,"03470505","","",1,1,0.923978677,2012-06-01 00:00:00,2013-06-14 17:05:42,"POINT(-71.1357432735556 42.4872248873972)",2,2013-06-24 13:04:41
"212",228,"11","fv","no","fv","no",2424,"03470505","","",1,1,0.923978677,2012-06-01 00:00:00,2013-06-14 17:05:42,"POINT(-71.1357432735556 42.4872248873972)",2,2013-06-24 13:04:41
"213",229,"4","fv","no","fv","no",2434,"03470060","","",2,2,0.547427851,2012-06-01 00:00:00,2013-06-14 16:29:36,"POINT(-71.1458590729137 42.4969238712974)",2,2013-06-24 13:04:41
"214",230,"9","fv","no","fv","no",2424,"03470505","","",2,2,1.672109361,2012-06-01 00:00:00,2013-06-14 17:05:43,"POINT(-71.1457854641074 42.4967182592666)",3,2013-06-24 13:04:41
"215",231,"k","fv","yes","fv","yes",2425,"03470055","","",2,2,1.431017413,2012-06-01 00:00:00,2013-06-14 17:05:44,"POINT(-71.1511380945417 42.4715245265724)",3,2013-06-24 13:04:41
"216",232,"6","sb","","sb","",1855,"02480014","","",2,2,2.072893656,2012-06-01 00:00:00,2013-06-14 17:05:45,"POINT(-71.0021345565647 42.4009114076177)",3,2013-06-24 13:04:41
"217",233,"8","sb","","sb","",1855,"02480014","","",2,2,2.072893656,2012-06-01 00:00:00,2013-06-14 17:05:45,"POINT(-71.0021345565647 42.4009114076177)",3,2013-06-24 13:04:41
"218",234,"5","w","","w","",2433,"03470065","","",2,2,1.050738361,2012-06-01 00:00:00,2013-06-14 16:29:36,"POINT(-71.1551944761561 42.512002628883)",NA,2013-06-24 13:04:41
"219",235,"3","w","","w","",2433,"03470065","","",2,2,1.050738361,2012-06-01 00:00:00,2013-06-14 16:29:36,"POINT(-71.1551944761561 42.512002628883)",NA,2013-06-24 13:04:41
"220",236,"2","cp","yes","w","",1857,"02480003","","",2,2,0.457329056,2012-06-01 00:00:00,2013-06-14 17:05:47,"POINT(-71.0141435710505 42.421287175184)",1,2013-06-24 13:04:41
"221",237,"5","cp","yes","w","",1857,"02480003","","",2,2,0.457329056,2012-06-01 00:00:00,2013-06-14 17:05:47,"POINT(-71.0141435710505 42.421287175184)",1,2013-06-24 13:04:41
"222",238,"4","fv","yes","sb","",2429,"03470020","","",2,2,0.520708898,2012-06-01 00:00:00,2013-06-14 17:05:48,"POINT(-71.1650802166089 42.4785503304644)",2,2013-06-24 13:04:41
"223",239,"4","fv","yes","fv","no",2423,"03470043","","",2,2,0.597137531,2012-06-01 00:00:00,2013-06-14 16:29:36,"POINT(-71.1375993710163 42.4744168132016)",2,2013-06-24 13:04:41
"224",240,"1","fv","yes","fv","",2423,"03470043","","",2,2,0.597137531,2012-06-01 00:00:00,2013-06-14 16:29:36,"POINT(-71.1375993710163 42.4744168132016)",2,2013-06-24 13:04:41
"225",241,"5","fv","yes","fv","no",2425,"03470055","","",2,2,1.080564169,2012-06-01 00:00:00,2013-06-14 17:05:49,"POINT(-71.1534555231305 42.4844700482124)",2,2013-06-24 13:04:41
"226",242,"4","w","","w","",1857,"02480003","","",2,2,0.318763323,2012-06-01 00:00:00,2013-06-14 17:05:50,"POINT(-71.0162464229181 42.4205902044547)",1,2013-06-24 13:04:41
"227",243,"k","fv","yes","fv","yes",1857,"02480003","","",2,2,0.449251233,2012-06-01 00:00:00,2013-06-14 16:29:36,"POINT(-71.0179630366877 42.4236314744164)",1,2013-06-24 13:04:41
"228",244,"6","fv","yes","w","",2426,"03470405","","",2,2,0.970581502,2012-06-01 00:00:00,2013-06-14 17:05:51,"POINT(-71.1542200197982 42.4958067572769)",2,2013-06-24 13:04:41
"229",245,"8","fv","yes","fv","yes",1855,"02480014","","",2,2,2.105826319,2012-06-01 00:00:00,2013-06-14 17:05:52,"POINT(-71.0171549270481 42.4251817149865)",3,2013-06-24 13:04:41
"230",246,"k","w","","w","",1858,"02480056","","",2,2,0.179576219,2012-06-01 00:00:00,2013-06-14 17:05:53,"POINT(-70.9947155179115 42.4031616381357)",1,2013-06-24 13:04:41
"231",247,"3","fv","yes","sb","",2425,"03470055","","",2,2,1.460843221,2012-06-01 00:00:00,2013-06-14 16:29:36,"POINT(-71.1524684702131 42.4727907104106)",3,2013-06-24 13:04:41
"232",248,"4","fv","yes","sb","",2425,"03470055","","",2,2,1.460843221,2012-06-01 00:00:00,2013-06-14 16:29:36,"POINT(-71.1524684702131 42.4727907104106)",3,2013-06-24 13:04:41
"233",249,"2","fv","yes","fv","yes",2434,"03470060","","",2,2,0.516359301,2012-06-01 00:00:00,2013-06-14 17:05:55,"POINT(-71.1619308693309 42.4919242248238)",1,2013-06-24 13:04:41
"234",250,"5","fv","yes","fv","yes",2434,"03470060","","",2,2,0.516359301,2012-06-01 00:00:00,2013-06-14 17:05:55,"POINT(-71.1619308693309 42.4919242248238)",1,2013-06-24 13:04:41
"235",251,"7","sb","","sb","",1859,"02480057","","",NA,NA,0.499582284,2012-06-01 00:00:00,2013-06-14 17:05:56,"POINT(-70.9934280575844 42.4096893289806)",1,2013-06-24 13:04:41
"236",252,"6","sb","","sb","",1859,"02480057","","",NA,NA,0.499582284,2012-06-01 00:00:00,2013-06-14 17:05:56,"POINT(-70.9934280575844 42.4096893289806)",1,2013-06-24 13:04:41
"237",253,"7","w","","w","",1859,"02480057","","",0,1,0.59651616,2012-06-01 00:00:00,2013-06-14 16:29:36,"POINT(-70.9961612285705 42.409857661538)",1,2013-06-24 13:04:41
"238",254,"1","w","","w","",1858,"02480056","15 Pratt st","",1,1,2.247498907,2012-06-01 00:00:00,2013-06-14 17:05:57,"POINT(-70.9996108190247 42.4248428396469)",4,2013-06-24 13:04:41
"239",255,"2","fv","no","fv","",1857,"02480003","","",1,1,0.549291964,2012-06-01 00:00:00,2013-06-14 17:05:58,"POINT(-71.0188213435724 42.424803591162)",1,2013-06-24 13:04:41
"240",256,"k","fv","yes","fv","yes",1857,"02480003","","",1,1,0.853142383,2012-06-01 00:00:00,2013-06-14 17:05:59,"POINT(-71.0251728145197 42.4255321932291)",2,2013-06-24 13:04:41
"241",257,"p","fv","yes","fv","yes",1857,"02480003","","",1,1,0.853142383,2012-06-01 00:00:00,2013-06-14 17:05:59,"POINT(-71.0251728145197 42.4255321932291)",2,2013-06-24 13:04:41
"242",258,"6","fv","yes","fv","yes",1855,"02480014","","",2,2,1.688265007,2012-06-01 00:00:00,2013-06-14 16:29:36,"POINT(-71.0242788741916 42.4162477855726)",3,2013-06-24 13:04:41
"244",260,"9","fv","yes","sb","",1849,"02480505","","",2,2,1.276917405,2012-06-01 00:00:00,2013-06-14 17:06:00,"POINT(-71.0240349565678 42.4162785930752)",2,2013-06-24 13:04:41
"248",264,"k","w","","w","",1859,"02480057","","",1,0,0.774849637,2012-06-01 00:00:00,2013-06-14 17:06:02,"POINT(-70.9996936978432 42.4080257829452)",2,2013-06-24 13:04:41
"249",265,"k","w","","w","",1859,"02480057","","",0,0,0.773606895,2012-06-01 00:00:00,2013-06-14 16:29:36,"POINT(-70.9997795285316 42.4080416264488)",2,2013-06-24 13:04:41
"250",266,"k","w","","w","",1858,"02480056","","",0,0,0.724518586,2012-06-01 00:00:00,2013-06-14 17:06:03,"POINT(-71.0001228512855 42.4073761958498)",2,2013-06-24 13:04:41
"251",267,"5","w","","w","",1851,"02480035","","",1,1,0.343618163,2012-06-01 00:00:00,2013-06-14 17:06:04,"POINT(-71.0191312530658 42.4107335202034)",1,2013-06-24 13:04:41
"252",268,"1","w","","w","",1851,"02480035","","",1,1,0.343618163,2012-06-01 00:00:00,2013-06-14 17:06:04,"POINT(-71.0191312530658 42.4107335202034)",1,2013-06-24 13:04:41
"253",269,"6","sb","","sb","",1859,"02480057","","",1,2,1.281888373,2012-06-01 00:00:00,2013-06-14 17:06:05,"POINT(-71.0119245709511 42.4059502493682)",3,2013-06-24 13:04:41
"254",270,"8","fv","yes","w","",1855,"02480014","Central Ave","School St",2,2,0.691585923,2012-06-01 00:00:00,2013-06-14 16:29:37,"POINT(-71.0098593185276 42.4093405422362)",2,2013-06-24 13:04:41
"255",271,"6","fv","yes","w","",1855,"02480014","Central Ave","School St",2,2,0.691585923,2012-06-01 00:00:00,2013-06-14 17:06:06,"POINT(-71.0098593185276 42.4093405422362)",2,2013-06-24 13:04:41
"259",275,"4","w","","fv","yes",1857,"02480003","","",1,1,0.579739143,2012-06-01 00:00:00,2013-06-14 17:06:07,"POINT(-71.028648957403 42.4229662092179)",2,2013-06-24 13:04:41
"261",277,"k","t","","fv","yes",1860,"02480050","","",1,2,0.805296816,2012-06-01 00:00:00,2013-06-14 17:06:09,"POINT(-70.9858135013884 42.4245054741701)",2,2013-06-24 13:04:41
"262",278,"8","fv","no","sb","",1855,"02480014","","",1,2,2.348161009,2012-06-01 00:00:00,2013-06-14 16:29:37,"POINT(-70.9887020538181 42.3949849846601)",4,2013-06-24 13:04:41
"263",279,"8","sb","","sb","",1859,"02480057","","",NA,NA,1.827452111,2012-06-01 00:00:00,2013-06-14 17:06:10,"POINT(-71.0201214017006 42.41219248654)",4,2013-06-24 13:04:41
"264",280,"4","fv","yes","fv","yes",1857,"02480003","","",2,2,1.171905706,2012-06-01 00:00:00,2013-06-14 17:06:11,"POINT(-71.0291424838617 42.4159804984407)",2,2013-06-24 13:04:41
"265",281,"8","sb","","sb","",1856,"02480305","","",2,1,0.791005283,2012-06-01 00:00:00,2013-06-14 16:29:37,"POINT(-71.0183158940822 42.4101693016096)",2,2013-06-24 13:04:41
"266",282,"7","w","","w","",1855,"02480014","","",1,2,0.882968191,2012-06-01 00:00:00,2013-06-14 17:06:12,"POINT(-70.9997742126316 42.4072016773374)",2,2013-06-24 13:04:41
"267",283,"8","fv","no","w","",1855,"02480014","","",1,2,0.519466156,2012-06-01 00:00:00,2013-06-14 17:06:13,"POINT(-70.9997312972873 42.4097207772498)",1,2013-06-24 13:04:41
"268",284,"2","fv","yes","fv","no",1848,"02480025","","",2,2,1.107904493,2012-06-01 00:00:00,2013-06-14 17:06:14,"POINT(-71.0134014897089 42.4221398242859)",2,2013-06-24 13:04:41
"269",285,"k","fv","yes","fv","no",1851,"02480035","","",1,2,0.468513734,2012-06-01 00:00:00,2013-06-14 16:29:37,"POINT(-71.0221567848346 42.4126663146767)",1,2013-06-24 13:04:41
"270",286,"7","fv","yes","w","",1856,"02480305","","",1,NA,0.939512952,2012-06-01 00:00:00,2013-06-14 17:06:16,"POINT(-71.0082307881861 42.4245530635386)",2,2013-06-24 13:04:41
"271",287,"7","sb","","sb","",1855,"02480014","","",0,1,2.097127125,2012-06-01 00:00:00,2013-06-14 17:06:17,"POINT(-70.9920639962286 42.3974525941041)",3,2013-06-24 13:04:41
"272",288,"p","fv","yes","fv","yes",2425,"03470055","","",2,2,0.46602825,2012-06-01 00:00:00,2013-06-14 16:29:37,"POINT(-71.145602015135 42.4894386446879)",1,2013-06-24 13:04:41
"273",289,"2","fv","yes","fv","yes",1857,"02480003","","",2,2,0.175847993,2012-06-01 00:00:00,2013-06-14 17:06:18,"POINT(-71.0230270473078 42.4203367586323)",1,2013-06-24 13:04:41
"274",290,"5","fv","yes","fv","yes",1857,"02480003","","",2,2,0.175847993,2012-06-01 00:00:00,2013-06-14 17:06:18,"POINT(-71.0230270473078 42.4203367586323)",1,2013-06-24 13:04:41
"276",292,"7","fv","yes","fv","yes",1859,"02480057","","",2,4,0.576010917,2012-06-01 00:00:00,2013-06-14 17:06:19,"POINT(-70.9967969121071 42.4085803031922)",1,2013-06-24 13:04:41
"277",293,"7","fv","yes","sb","",1859,"02480057","","",1,2,2.071029543,2012-06-01 00:00:00,2013-06-14 17:06:20,"POINT(-70.9771202267738 42.4292049733731)",0,2013-06-24 13:04:41
"278",294,"6","fv","yes","sb","",1855,"02480014","","",1,2,1.795140819,2012-06-01 00:00:00,2013-06-14 16:29:37,"POINT(-70.9867708633274 42.4228374737205)",3,2013-06-24 13:04:41
"279",295,"7","sb","","sb","",1856,"02480305","","",1,1,1.871569452,2012-06-01 00:00:00,2013-06-14 17:06:21,"POINT(-70.9912202186136 42.4164031982344)",4,2013-06-24 13:04:41
"282",298,"6","sb","","sb","",1858,"02480056","","",1,1,2.574961424,2012-06-01 00:00:00,2013-06-14 17:06:23,"POINT(-71.018576449308 42.4212220348106)",0,2013-06-24 13:04:41
"283",299,"6","fv","yes","fv","yes",1855,"02480014","","",1,2,1.073107717,2012-06-01 00:00:00,2013-06-14 16:29:37,"POINT(-70.9966843078464 42.4035733619537)",2,2013-06-24 13:04:41
"284",300,"6","sb","","sb","",1855,"02480014","","",1,2,2.506610614,2012-06-01 00:00:00,2013-06-14 17:06:24,"POINT(-70.9861271331638 42.4000557554532)",3,2013-06-24 13:04:41
"286",302,"1","fv","yes","fv","yes",1851,"02480035","","",2,2,0.837608108,2012-06-01 00:00:00,2013-06-14 17:06:25,"POINT(-71.0231652954242 42.4140287405638)",2,2013-06-24 13:04:41
"287",303,"6","fv","yes","w","",1855,"02480014","","",1,1,1.014077472,2012-06-01 00:00:00,2013-06-14 16:29:37,"POINT(-71.0120480010837 42.4051261164939)",2,2013-06-24 13:04:41
"290",306,"6","cp","yes","t","",1857,"02480003","","",NA,NA,1.865355742,2012-06-01 00:00:00,2013-06-14 17:06:26,"POINT(-71.040536507757 42.4300936832645)",4,2013-06-24 13:04:41
"291",307,"8","w","","w","",1859,"02480057","","",1,1,1.453386769,2012-06-01 00:00:00,2013-06-14 17:06:27,"POINT(-71.0060451687904 42.4092457210182)",2,2013-06-24 13:04:41
"292",308,"9","sb","","w","",1849,"02480505","","",3,2,2.178526726,2012-06-01 00:00:00,2013-06-14 17:06:28,"POINT(-70.986430386179 42.4011323659007)",3,2013-06-24 13:04:41
"293",309,"6","w","","w","",1855,"02480014","Bellevue Ave","Revere St",2,1,2.207731163,2012-06-01 00:00:00,2013-06-14 16:29:37,"POINT(-70.9924571464389 42.3960467112092)",3,2013-06-24 13:04:41
"294",310,"8","w","","fv","yes",1859,"02480057","","",1,2,1.552806129,2012-06-01 00:00:00,2013-06-14 17:06:29,"POINT(-71.0020540417763 42.4030665696589)",2,2013-06-24 13:04:41
"297",313,"7","sb","","w","",1859,"02480057","","",0,0,1.283131115,2012-06-01 00:00:00,2013-06-14 17:06:31,"POINT(-70.9897158803078 42.4204141808208)",3,2013-06-24 13:04:41
"298",314,"6","sb","","w","",1859,"02480057","","",0,0,1.283131115,2012-06-01 00:00:00,2013-06-14 17:06:31,"POINT(-70.9897158803078 42.4204141808208)",3,2013-06-24 13:04:41
"299",315,"6","w","","w","",1855,"02480014","","",0,0,1.582010566,2012-06-01 00:00:00,2013-06-14 17:06:32,"POINT(-71.000932926926 42.4169448045692)",1,2013-06-24 13:04:41
"300",316,"4","w","","w","",1858,"02480056","","",0,1,0.71457665,2012-06-01 00:00:00,2013-06-14 16:29:37,"POINT(-70.9919689358803 42.4125410195428)",2,2013-06-24 13:04:41
"301",317,"7","w","","w","",1858,"02480056","","",0,1,0.71457665,2012-06-01 00:00:00,2013-06-14 16:29:37,"POINT(-70.9919689358803 42.4125410195428)",2,2013-06-24 13:04:41
"302",318,"7","w","","w","",1858,"02480056","","",0,1,0.71457665,2012-06-01 00:00:00,2013-06-14 16:29:37,"POINT(-70.9919689358803 42.4125410195428)",2,2013-06-24 13:04:41
"303",319,"7","sb","","sb","",1855,"02480014","Proctor Ave","brodway",1,2,0.971202873,2012-06-01 00:00:00,2013-06-14 17:06:33,"POINT(-71.0106317947238 42.4126992051122)",1,2013-06-24 13:04:41
"304",320,"7","fv","yes","sb","",1855,"02480014","","",4,6,1.806946868,2012-06-01 00:00:00,2013-06-14 17:06:34,"POINT(-71.0264246414035 42.4167547092475)",3,2013-06-24 13:04:41
"305",321,"1","sb","","cp","yes",1860,"02480050","","",NA,NA,2.325170282,2012-06-01 00:00:00,2013-06-14 17:06:35,"POINT(-70.9678319721526 42.4393293459615)",0,2013-06-24 13:04:41
"306",322,"6","sb","","sb","",1855,"02480014","","",2,2,2.668788445,2012-06-01 00:00:00,2013-06-14 16:29:38,"POINT(-70.9853546569675 42.3954286934624)",4,2013-06-24 13:04:41
"307",323,"6","sb","","sb","",1855,"02480014","","",2,2,2.668788445,2012-06-01 00:00:00,2013-06-14 16:29:38,"POINT(-70.9853546569675 42.3954286934624)",4,2013-06-24 13:04:41
"308",324,"6","sb","","sb","",1855,"02480014","","",NA,NA,2.699235624,2012-06-01 00:00:00,2013-06-14 16:29:38,"POINT(-70.9853063772052 42.3956901632519)",4,2013-06-24 13:04:41
"312",328,"6","sb","","sb","",1859,"02480057","","",1,1,1.250198452,2012-06-01 00:00:00,2013-06-14 16:29:38,"POINT(-70.9896515072914 42.4189726900033)",3,2013-06-24 13:04:41
"314",330,"9","w","","w","",1849,"02480505","","",2,2,1.805082755,2012-06-01 00:00:00,2013-06-14 16:29:38,"POINT(-70.9935489689045 42.4044993904593)",3,2013-06-24 13:04:41
"316",332,"2","fv","yes","fv","no",1857,"02480003","","",2,2,0.150993153,2012-06-01 00:00:00,2013-06-14 16:29:38,"POINT(-71.023069962652 42.4199565879779)",1,2013-06-24 13:04:41
"318",334,"7","sb","","sb","",1859,"02480057","Asti Avenue","Malden Street",2,2,3.175827181,2012-06-01 00:00:00,2013-06-14 16:29:38,"POINT(-71.0212372006508 42.4262748461509)",0,2013-06-24 13:04:41
"319",335,"5","fv","yes","fv","yes",1857,"02480003","","",2,2,0.778577863,2012-06-01 00:00:00,2013-06-14 16:29:38,"POINT(-71.0206237880304 42.4145705894136)",1,2013-06-24 13:04:41
"320",336,"2","fv","yes","fv","yes",1857,"02480003","","",2,2,0.778577863,2012-06-01 00:00:00,2013-06-14 16:29:38,"POINT(-71.0206237880304 42.4145705894136)",1,2013-06-24 13:04:41
"323",339,"4","w","","cp","yes",1462,"01980005","","",2,2,0.502067768,2012-06-01 00:00:00,2013-06-14 16:29:38,"POINT(-71.3684485382417 42.3077867267633)",1,2013-06-24 13:04:41
"324",340,"k","w","","w","",1860,"02480050","","",1,1,0.253519368,2012-06-01 00:00:00,2013-06-14 16:29:38,"POINT(-70.9987524776762 42.4168546048459)",1,2013-06-24 13:04:41
"325",341,"6","b","","b","",8,"05160002","","",NA,NA,4.314178853,2012-06-01 00:00:00,2013-06-14 16:29:38,"POINT(-71.3951983425199 42.4670941224027)",0,2013-06-24 13:04:41
"326",342,"9","fv","yes","fv","yes",2071,"02850505","","",NA,NA,0.730110925,2012-06-01 00:00:00,2013-06-14 16:29:38,"POINT(-71.0990351215408 42.12562665928)",2,2013-06-24 13:04:41
"328",344,"5","sb","","sb","",2205,"03080040","","",2,2,1.888346469,2012-06-01 00:00:00,2013-06-14 16:29:38,"POINT(-71.1978221885723 42.3908690497485)",4,2013-06-24 13:04:41
"329",345,"3","fv","yes","fv","yes",1857,"02480003","","",1,1,0.26718953,2012-06-01 00:00:00,2013-06-14 16:29:38,"POINT(-71.0247436610773 42.4200833117855)",1,2013-06-24 13:04:41
"330",346,"11","t","","w","",10,"00020025","","",1,3,0.393949214,2012-06-01 00:00:00,2013-06-14 16:29:38,"POINT(-71.4683147597207 42.4811668063472)",1,2013-06-24 13:04:41
"331",347,"2","w","","w","",1106,"01490015","","",NA,NA,0.738188748,2012-06-01 00:00:00,2013-06-14 16:29:38,"POINT(-71.1807862143535 42.7098220192077)",1,2013-06-24 13:04:41
"332",348,"1","fv","yes","w","",1106,"01490015","","",1,2,0.953804485,2012-06-01 00:00:00,2013-06-14 16:29:38,"POINT(-71.1933174948711 42.7066685267774)",2,2013-06-24 13:04:41
"333",349,"5","fv","no","fv","no",1106,"01490015","","",1,2,0.287694773,2012-06-01 00:00:00,2013-06-14 16:29:38,"POINT(-71.1769238333721 42.7052809393546)",1,2013-06-24 13:04:41
"334",350,"2","fv","no","fv","no",1106,"01490015","","",1,2,0.287694773,2012-06-01 00:00:00,2013-06-14 16:29:38,"POINT(-71.1769238333721 42.7052809393546)",1,2013-06-24 13:04:41
"335",351,"8","w","","w","",1106,"01490015","","",2,2,0.519466156,2012-06-01 00:00:00,2013-06-14 16:29:38,"POINT(-71.1726752142925 42.705580534719)",1,2013-06-24 13:04:41
"336",352,"6","w","","w","",1106,"01490015","","",2,2,0.519466156,2012-06-01 00:00:00,2013-06-14 16:29:38,"POINT(-71.1726752142925 42.705580534719)",1,2013-06-24 13:04:41
"337",353,"7","fv","no","w","",1106,"01490015","","",2,3,0.482183896,2012-06-01 00:00:00,2013-06-14 16:29:38,"POINT(-71.1765268664379 42.7073623088578)",1,2013-06-24 13:04:41
"338",354,"7","fv","no","w","",1106,"01490015","","",2,3,0.482183896,2012-06-01 00:00:00,2013-06-14 16:29:38,"POINT(-71.1765268664379 42.7073623088578)",1,2013-06-24 13:04:41
"339",355,"6","w","","w","",1106,"01490015","","",1,1,0.209402027,2012-06-01 00:00:00,2013-06-14 16:29:38,"POINT(-71.1776748518963 42.7029156620286)",1,2013-06-24 13:04:41
"340",356,"6","w","","w","",1106,"01490015","","",2,2,0.228664528,2012-06-01 00:00:00,2013-06-14 16:29:38,"POINT(-71.1842623572368 42.7014333756403)",1,2013-06-24 13:04:41
"341",357,"4","w","","w","",1106,"01490015","","",2,2,0.228664528,2012-06-01 00:00:00,2013-06-14 16:29:38,"POINT(-71.1842623572368 42.7014333756403)",1,2013-06-24 13:04:41
"342",358,"6","fv","yes","fv","yes",1106,"01490015","","",1,1,0.232392754,2012-06-01 00:00:00,2013-06-14 16:29:38,"POINT(-71.1833262662906 42.7008755379542)",1,2013-06-24 13:04:41
"343",359,"8","fv","yes","fv","yes",1106,"01490015","","",1,1,0.232392754,2012-06-01 00:00:00,2013-06-14 16:29:38,"POINT(-71.1833262662906 42.7008755379542)",1,2013-06-24 13:04:41
"344",360,"8","w","","w","",1163,"01550310","","",2,3,1.034582715,2012-06-01 00:00:00,2013-06-14 16:29:38,"POINT(-71.2266899224609 42.469165510454)",2,2013-06-24 13:04:41
"345",361,"3","b","","fv","no",4,"00010015","","",5,3,1.729275493,2012-06-01 00:00:00,2013-06-14 16:29:38,"POINT(-71.0012547086816 42.1225753367945)",4,2013-06-24 13:04:41
"346",362,"2","fv","yes","w","",1542,"02040005","","",1,2,0.597758902,2012-06-01 00:00:00,2013-06-14 16:29:38,"POINT(-70.8873976583568 42.8184765724981)",1,2013-06-24 13:04:41
"347",363,"6","sb","","sb","",2568,"06450310","","",1,2,1.644769037,2012-06-01 00:00:00,2013-06-14 16:29:38,"POINT(-70.1672451100476 41.705857512185)",3,2013-06-24 13:04:41
"348",364,"2","w","","fv","yes",75,"00100055","","",2,2,0.526922608,2012-06-01 00:00:00,2013-06-14 16:29:38,"POINT(-71.1628753202642 42.4262232326556)",1,2013-06-24 13:04:41
"349",365,"4","w","","fv","yes",75,"00100055","","",2,2,0.526922608,2012-06-01 00:00:00,2013-06-14 16:29:38,"POINT(-71.1628753202642 42.4262232326556)",1,2013-06-24 13:04:41
"350",366,"1","w","","fv","no",2432,"03470025","","",2,2,0.493989945,2012-06-01 00:00:00,2013-06-14 16:29:38,"POINT(-71.1686880446431 42.5049774256336)",1,2013-06-24 13:04:41
"351",367,"1","cp","yes","b","",3,"00010505","","",NA,NA,0.416939941,2013-05-30 15:00:09,2013-05-30 15:00:09,"POINT(-70.9491331641643 42.1183611253733)",1,2013-06-24 13:04:41
"354",370,"4","fv","no","fv","yes",3,"00010505","","",2,569,6.857450356,2013-06-04 10:03:42,2013-06-04 10:03:42,"POINT(-71.0032653808594 42.0574502202468)",0,2013-06-24 13:04:41
"355",371,"1","w","","b","",3,"00010505","Stewart Dr","",10,0,1.073729088,2013-06-04 11:51:17,2013-06-04 11:51:17,"POINT(-70.9507196151247 42.1101713913868)",0,2013-06-24 13:04:41
